datetime,timestamp,open,high,low,close,volume
2026-02-03 06:00:00+00:00,1770098400000,2313.7,2326.9,2296.19,2318.86,918.02569627
2026-02-03 07:00:00+00:00,1770102000000,2318.19,2331.43,2312.13,2320.99,517.6189971
2026-02-03 08:00:00+00:00,1770105600000,2321.0,2330.37,2308.02,2313.78,468.67562167
2026-02-03 09:00:00+00:00,1770109200000,2314.17,2316.41,2260.58,2289.73,3226.64782206
2026-02-03 10:00:00+00:00,1770112800000,2289.96,2296.9,2275.31,2279.54,425.09609934
2026-02-03 11:00:00+00:00,1770116400000,2279.61,2285.44,2268.94,2274.39,626.56933331
2026-02-03 12:00:00+00:00,1770120000000,2274.36,2303.28,2270.04,2298.87,753.78301796
2026-02-03 13:00:00+00:00,1770123600000,2298.88,2314.5,2293.7,2310.45,523.89276097
2026-02-03 14:00:00+00:00,1770127200000,2309.24,2314.72,2253.05,2256.2,1586.025834
2026-02-03 15:00:00+00:00,1770130800000,2254.65,2312.36,2250.77,2301.44,2766.67773631
2026-02-03 16:00:00+00:00,1770134400000,2301.25,2301.25,2234.22,2239.91,4022.18145698
2026-02-03 17:00:00+00:00,1770138000000,2238.97,2242.05,2191.81,2191.92,2732.47710933
2026-02-03 18:00:00+00:00,1770141600000,2192.98,2203.6,2107.48,2118.25,8398.4050533
2026-02-03 19:00:00+00:00,1770145200000,2118.25,2215.08,2111.22,2203.79,6084.95538367
2026-02-03 20:00:00+00:00,1770148800000,2202.62,2341.9,2185.7,2296.97,7223.9508483
2026-02-03 21:00:00+00:00,1770152400000,2297.07,2333.71,2277.7,2281.09,2665.42969683
2026-02-03 22:00:00+00:00,1770156000000,2281.06,2282.04,2226.24,2233.32,1784.08350014
2026-02-03 23:00:00+00:00,1770159600000,2232.91,2244.78,2210.5,2230.61,2158.58662914
2026-02-04 00:00:00+00:00,1770163200000,2230.57,2253.32,2221.11,2237.99,362.60659693
2026-02-04 01:00:00+00:00,1770166800000,2238.0,2277.64,2238.0,2265.38,726.75272427
2026-02-04 02:00:00+00:00,1770170400000,2265.35,2272.74,2240.01,2249.35,510.1687071
2026-02-04 03:00:00+00:00,1770174000000,2248.54,2291.41,2246.73,2280.69,1569.95096312
2026-02-04 04:00:00+00:00,1770177600000,2280.0,2286.13,2268.31,2271.05,768.55887272
2026-02-04 05:00:00+00:00,1770181200000,2270.45,2277.25,2253.67,2262.25,376.84076091
2026-02-04 06:00:00+00:00,1770184800000,2262.26,2280.94,2255.48,2274.0,412.61361631
2026-02-04 07:00:00+00:00,1770188400000,2274.24,2293.8,2261.78,2280.92,10552.10843012
2026-02-04 08:00:00+00:00,1770192000000,2281.25,2283.04,2263.19,2276.63,2247.24575776
2026-02-04 09:00:00+00:00,1770195600000,2276.56,2276.58,2248.65,2256.9,409.36907438
2026-02-04 10:00:00+00:00,1770199200000,2257.89,2260.72,2247.62,2257.35,505.86240229
2026-02-04 11:00:00+00:00,1770202800000,2257.34,2257.7,2223.71,2253.2,1496.4516321
2026-02-04 12:00:00+00:00,1770206400000,2252.62,2259.44,2228.89,2240.41,689.86426658
2026-02-04 13:00:00+00:00,1770210000000,2240.63,2241.93,2194.52,2195.53,1437.75101768
2026-02-04 14:00:00+00:00,1770213600000,2195.01,2225.15,2166.8,2169.33,5108.72479035
2026-02-04 15:00:00+00:00,1770217200000,2169.13,2194.36,2133.46,2147.88,3875.9713597
2026-02-04 16:00:00+00:00,1770220800000,2148.64,2157.37,2102.73,2131.28,6890.54890528
2026-02-04 17:00:00+00:00,1770224400000,2131.97,2151.3,2089.45,2121.4,7435.93728234
2026-02-04 18:00:00+00:00,1770228000000,2121.67,2183.06,2073.0,2142.16,7947.66251955
2026-02-04 19:00:00+00:00,1770231600000,2143.67,2189.09,2129.7,2183.56,4258.66108241
2026-02-04 20:00:00+00:00,1770235200000,2183.77,2187.99,2157.76,2167.64,2256.50406617
2026-02-04 21:00:00+00:00,1770238800000,2167.79,2175.1,2103.96,2125.19,3962.80207806
2026-02-04 22:00:00+00:00,1770242400000,2124.78,2162.32,2084.21,2115.85,4366.9502126
2026-02-04 23:00:00+00:00,1770246000000,2116.08,2160.89,2110.51,2142.84,3215.25254946
2026-02-05 00:00:00+00:00,1770249600000,2143.46,2158.83,2132.32,2146.21,971.62556432
2026-02-05 01:00:00+00:00,1770253200000,2145.81,2168.33,2119.38,2143.09,1902.23636719
2026-02-05 02:00:00+00:00,1770256800000,2143.45,2158.36,2109.14,2119.39,2800.26328592
2026-02-05 03:00:00+00:00,1770260400000,2119.83,2131.71,2095.0,2107.07,2178.15889176
2026-02-05 04:00:00+00:00,1770264000000,2106.14,2121.59,2075.8,2100.18,2928.61300276
2026-02-05 05:00:00+00:00,1770267600000,2099.78,2119.22,2074.0,2096.93,2813.19682043
2026-02-05 06:00:00+00:00,1770271200000,2097.13,2102.76,2062.86,2084.0,3260.22824864
2026-02-05 07:00:00+00:00,1770274800000,2082.94,2119.14,2082.11,2087.5,2245.87595433
2026-02-05 08:00:00+00:00,1770278400000,2086.94,2116.61,2086.94,2107.74,772.69005441
2026-02-05 09:00:00+00:00,1770282000000,2107.9,2144.63,2106.44,2129.54,1122.6298789
2026-02-05 10:00:00+00:00,1770285600000,2130.13,2136.16,2083.45,2093.97,1250.74719822
2026-02-05 11:00:00+00:00,1770289200000,2093.87,2101.09,2058.22,2075.4,2440.09772724
2026-02-05 12:00:00+00:00,1770292800000,2075.4,2088.35,2038.51,2059.17,3831.15666999
2026-02-05 13:00:00+00:00,1770296400000,2059.86,2076.22,2045.63,2054.65,1378.31329325
2026-02-05 14:00:00+00:00,1770300000000,2056.01,2102.63,2040.0,2043.34,3932.77807687
2026-02-05 15:00:00+00:00,1770303600000,2043.21,2049.55,1923.64,1957.89,18098.15853962
2026-02-05 16:00:00+00:00,1770307200000,1957.89,2013.84,1941.54,1994.54,4725.60572843
2026-02-05 17:00:00+00:00,1770310800000,1995.0,1998.31,1940.92,1950.92,5161.54023358
2026-02-05 18:00:00+00:00,1770314400000,1950.97,1964.7,1910.09,1946.12,4566.167081
2026-02-05 19:00:00+00:00,1770318000000,1946.19,1949.13,1912.83,1924.45,2276.91360691
2026-02-05 20:00:00+00:00,1770321600000,1924.56,1938.65,1822.32,1865.77,11874.52009224
2026-02-05 21:00:00+00:00,1770325200000,1866.36,1929.14,1837.46,1847.39,5494.24346717
2026-02-05 22:00:00+00:00,1770328800000,1847.28,1885.45,1812.68,1867.47,7807.91525991
2026-02-05 23:00:00+00:00,1770332400000,1867.47,1903.93,1817.39,1823.85,5533.54177771
2026-02-06 00:00:00+00:00,1770336000000,1823.49,1890.17,1744.56,1868.9,12857.46325715
2026-02-06 01:00:00+00:00,1770339600000,1868.6,1938.46,1868.6,1929.88,4060.39392102
2026-02-06 02:00:00+00:00,1770343200000,1929.88,1945.49,1890.25,1905.47,1653.18015897
2026-02-06 03:00:00+00:00,1770346800000,1905.38,1915.0,1877.08,1889.61,2266.2514743
2026-02-06 04:00:00+00:00,1770350400000,1889.96,1915.85,1884.15,1906.87,1847.71463047
2026-02-06 05:00:00+00:00,1770354000000,1906.97,1972.4,1904.92,1956.47,3148.04751339
2026-02-06 06:00:00+00:00,1770357600000,1956.39,1964.78,1905.17,1906.4,1796.22155879
2026-02-06 07:00:00+00:00,1770361200000,1906.52,1912.95,1885.65,1897.38,2085.29743703
2026-02-06 08:00:00+00:00,1770364800000,1897.23,1903.42,1862.52,1872.48,2774.77722906
2026-02-06 09:00:00+00:00,1770368400000,1872.42,1927.19,1868.96,1916.79,4989.33288073
2026-02-06 10:00:00+00:00,1770372000000,1916.81,1933.05,1908.16,1924.58,2102.84996655
2026-02-06 11:00:00+00:00,1770375600000,1924.55,1935.92,1917.45,1930.77,1573.87354412
2026-02-06 12:00:00+00:00,1770379200000,1929.89,1929.89,1912.73,1918.8,1468.67989156
2026-02-06 13:00:00+00:00,1770382800000,1918.6,1960.12,1916.88,1948.17,3637.50726691
2026-02-06 14:00:00+00:00,1770386400000,1948.39,2000.56,1931.47,1978.04,3243.34861193
2026-02-06 15:00:00+00:00,1770390000000,1978.3,1996.06,1960.1,1979.58,4243.72294575
2026-02-06 16:00:00+00:00,1770393600000,1979.94,2046.36,1971.81,2035.63,6167.26663809
2026-02-06 17:00:00+00:00,1770397200000,2035.64,2089.97,2027.85,2066.47,5446.99346685
2026-02-06 18:00:00+00:00,1770400800000,2066.46,2069.55,2029.76,2042.79,3195.80913108
2026-02-06 19:00:00+00:00,1770404400000,2043.32,2069.99,2032.44,2064.12,2050.31726905
2026-02-06 20:00:00+00:00,1770408000000,2064.07,2091.99,2042.33,2054.51,2209.7899059
2026-02-06 21:00:00+00:00,1770411600000,2053.09,2060.19,2041.23,2051.83,811.29692276
2026-02-06 22:00:00+00:00,1770415200000,2052.8,2084.62,2044.66,2073.7,1180.80411515
2026-02-06 23:00:00+00:00,1770418800000,2072.99,2086.0,2049.44,2062.18,1258.19238879
2026-02-07 00:00:00+00:00,1770422400000,2062.19,2063.26,2035.64,2041.76,1505.44736517
2026-02-07 01:00:00+00:00,1770426000000,2042.24,2065.0,2031.87,2061.99,676.70263715
2026-02-07 02:00:00+00:00,1770429600000,2060.85,2063.25,2048.23,2058.36,292.51641909
2026-02-07 03:00:00+00:00,1770433200000,2058.41,2084.87,2057.46,2079.79,1631.16746505
2026-02-07 04:00:00+00:00,1770436800000,2079.77,2117.0,2078.01,2086.65,1491.5111638
2026-02-07 05:00:00+00:00,1770440400000,2086.25,2102.19,2076.18,2082.06,1009.27207247
2026-02-07 06:00:00+00:00,1770444000000,2082.13,2091.71,2047.01,2047.01,1126.97109568
2026-02-07 07:00:00+00:00,1770447600000,2047.02,2054.55,1993.48,2026.6,3366.2811445
2026-02-07 08:00:00+00:00,1770451200000,2026.47,2030.3,2015.14,2018.26,1000.33657641
2026-02-07 09:00:00+00:00,1770454800000,2019.16,2028.02,2004.18,2012.04,793.21090568
2026-02-07 10:00:00+00:00,1770458400000,2012.0,2018.17,1999.06,2009.63,301.30337066
2026-02-07 11:00:00+00:00,1770462000000,2009.52,2020.0,2005.52,2016.95,474.49781534
2026-02-07 12:00:00+00:00,1770465600000,2016.83,2073.74,2015.53,2041.02,2221.489193
2026-02-07 13:00:00+00:00,1770469200000,2039.94,2048.1,2026.9,2038.89,1052.30390173
2026-02-07 14:00:00+00:00,1770472800000,2039.46,2047.49,2008.64,2018.38,1474.89757473
2026-02-07 15:00:00+00:00,1770476400000,2018.51,2061.18,2013.18,2050.57,1085.8656986
2026-02-07 16:00:00+00:00,1770480000000,2050.87,2129.48,2007.54,2048.74,20370.55621353
2026-02-07 17:00:00+00:00,1770483600000,2048.76,2071.28,2032.27,2059.69,746.17449828
2026-02-07 18:00:00+00:00,1770487200000,2059.96,2108.14,2058.24,2094.79,1259.80685003
2026-02-07 19:00:00+00:00,1770490800000,2095.63,2099.34,2083.15,2089.83,776.0708547
2026-02-07 20:00:00+00:00,1770494400000,2089.91,2111.32,2083.43,2103.58,4236.84687367
2026-02-07 21:00:00+00:00,1770498000000,2103.85,2109.15,2096.44,2099.3,1139.50243206
2026-02-07 22:00:00+00:00,1770501600000,2099.31,2105.97,2086.46,2087.11,459.06150421
2026-02-07 23:00:00+00:00,1770505200000,2088.64,2093.68,2072.61,2086.26,744.83555817
2026-02-08 00:00:00+00:00,1770508800000,2086.13,2093.21,2076.0,2082.41,430.08503628
2026-02-08 01:00:00+00:00,1770512400000,2082.54,2096.39,2081.62,2094.98,206.69263177
2026-02-08 02:00:00+00:00,1770516000000,2095.03,2105.41,2081.7,2087.72,441.55797842
2026-02-08 03:00:00+00:00,1770519600000,2087.64,2091.39,2076.37,2077.2,242.30348715
2026-02-08 04:00:00+00:00,1770523200000,2077.42,2086.67,2064.97,2086.44,1115.48153534
2026-02-08 05:00:00+00:00,1770526800000,2086.15,2086.92,2077.9,2083.22,334.48317351
2026-02-08 06:00:00+00:00,1770530400000,2083.22,2087.03,2075.95,2078.13,293.10313013
2026-02-08 07:00:00+00:00,1770534000000,2078.57,2082.59,2066.87,2082.59,875.98015308
2026-02-08 08:00:00+00:00,1770537600000,2082.62,2122.35,2076.56,2114.08,788.81181671
2026-02-08 09:00:00+00:00,1770541200000,2114.52,2119.91,2094.23,2101.15,592.95153063
2026-02-08 10:00:00+00:00,1770544800000,2099.16,2111.74,2082.31,2094.68,472.03039353
2026-02-08 11:00:00+00:00,1770548400000,2094.67,2136.0,2093.02,2130.84,1075.75484361
2026-02-08 12:00:00+00:00,1770552000000,2131.0,2142.5,2124.43,2130.66,945.21026096
2026-02-08 13:00:00+00:00,1770555600000,2129.91,2139.01,2117.69,2125.22,1677.95344237
2026-02-08 14:00:00+00:00,1770559200000,2126.06,2128.06,2115.89,2127.25,361.16944157
2026-02-08 15:00:00+00:00,1770562800000,2127.42,2129.07,2096.61,2106.7,1018.58413544
2026-02-08 16:00:00+00:00,1770566400000,2106.7,2114.65,2071.6,2079.11,1097.8660183
2026-02-08 17:00:00+00:00,1770570000000,2079.51,2097.65,2078.94,2090.78,620.07022121
2026-02-08 18:00:00+00:00,1770573600000,2090.92,2119.87,2089.53,2108.97,861.0208429
2026-02-08 19:00:00+00:00,1770577200000,2107.86,2127.68,2106.11,2125.2,461.20953642
2026-02-08 20:00:00+00:00,1770580800000,2125.46,2125.46,2100.0,2103.49,758.09706018
2026-02-08 21:00:00+00:00,1770584400000,2103.43,2113.29,2088.91,2093.68,629.90274721
2026-02-08 22:00:00+00:00,1770588000000,2092.96,2110.0,2092.96,2106.69,805.34131468
2026-02-08 23:00:00+00:00,1770591600000,2106.78,2150.0,2071.15,2088.62,1468.10048203
2026-02-09 00:00:00+00:00,1770595200000,2088.49,2095.82,2074.97,2083.04,618.20765311
2026-02-09 01:00:00+00:00,1770598800000,2083.04,2099.0,2054.25,2069.9,2114.02987987
2026-02-09 02:00:00+00:00,1770602400000,2069.7,2093.57,2065.01,2079.25,806.28755721
2026-02-09 03:00:00+00:00,1770606000000,2079.7,2101.03,2079.7,2098.28,337.03862614
2026-02-09 04:00:00+00:00,1770609600000,2098.72,2100.57,2085.28,2089.12,867.80502804
2026-02-09 05:00:00+00:00,1770613200000,2088.77,2094.12,2082.65,2093.47,259.5267117
2026-02-09 06:00:00+00:00,1770616800000,2094.2,2094.47,2070.98,2079.79,558.30103554
2026-02-09 07:00:00+00:00,1770620400000,2080.02,2085.66,2063.18,2064.33,638.95904225
2026-02-09 08:00:00+00:00,1770624000000,2064.25,2068.0,2033.01,2048.99,1523.91684219
2026-02-09 09:00:00+00:00,1770627600000,2048.24,2055.27,2033.01,2040.35,405.86373143
2026-02-09 10:00:00+00:00,1770631200000,2040.35,2044.92,2012.09,2020.79,1824.05166654
2026-02-09 11:00:00+00:00,1770634800000,2020.71,2034.16,2019.11,2024.87,753.06128374
2026-02-09 12:00:00+00:00,1770638400000,2026.01,2037.24,2025.58,2033.92,235.640219
2026-02-09 13:00:00+00:00,1770642000000,2033.96,2047.32,2021.44,2021.44,645.39384302
2026-02-09 14:00:00+00:00,1770645600000,2021.06,2047.79,2008.0,2043.4,1433.6714791
2026-02-09 15:00:00+00:00,1770649200000,2043.12,2072.37,2029.27,2059.82,3937.11780582
2026-02-09 16:00:00+00:00,1770652800000,2060.48,2107.33,2046.83,2089.99,1323.67019301
2026-02-09 17:00:00+00:00,1770656400000,2090.16,2134.62,2077.23,2125.97,3131.36718005
2026-02-09 18:00:00+00:00,1770660000000,2126.06,2141.05,2108.32,2128.37,1835.02556652
2026-02-09 19:00:00+00:00,1770663600000,2129.11,2168.59,2119.0,2129.24,5562.90720685
2026-02-09 20:00:00+00:00,1770667200000,2130.39,2146.04,2117.26,2124.57,2517.13354541
2026-02-09 21:00:00+00:00,1770670800000,2123.8,2128.14,2088.26,2122.66,2141.23992416
2026-02-09 22:00:00+00:00,1770674400000,2121.17,2123.75,2110.47,2114.2,1153.36697494
2026-02-09 23:00:00+00:00,1770678000000,2113.94,2121.01,2101.0,2103.7,555.4191587
2026-02-10 00:00:00+00:00,1770681600000,2103.9,2111.54,2095.58,2096.53,228.34786213
2026-02-10 01:00:00+00:00,1770685200000,2095.83,2123.64,2095.04,2115.04,337.82821116
2026-02-10 02:00:00+00:00,1770688800000,2115.73,2120.58,2102.07,2106.28,136.50415089
2026-02-10 03:00:00+00:00,1770692400000,2107.09,2108.97,2051.86,2063.54,2581.03002639
2026-02-10 04:00:00+00:00,1770696000000,2063.6,2072.68,2061.46,2069.32,244.76634824
2026-02-10 05:00:00+00:00,1770699600000,2069.32,2070.23,2043.85,2051.53,602.42546079
2026-02-10 06:00:00+00:00,1770703200000,2051.74,2056.06,1997.08,2007.77,6551.26823483
2026-02-10 07:00:00+00:00,1770706800000,2007.78,2017.36,1998.93,2005.87,1011.76075548
2026-02-10 08:00:00+00:00,1770710400000,2005.95,2016.06,1993.9,2012.5,1263.8679896
2026-02-10 09:00:00+00:00,1770714000000,2012.7,2027.86,2008.76,2014.43,671.94862026
2026-02-10 10:00:00+00:00,1770717600000,2015.14,2020.21,2008.18,2012.75,870.70207877
2026-02-10 11:00:00+00:00,1770721200000,2012.76,2020.74,2000.26,2001.82,1178.12988311
2026-02-10 12:00:00+00:00,1770724800000,2001.74,2015.0,2001.21,2007.0,482.78411936
2026-02-10 13:00:00+00:00,1770728400000,2006.68,2025.88,1998.17,2021.3,1440.20839775
2026-02-10 14:00:00+00:00,1770732000000,2021.08,2038.85,1986.64,2008.46,1858.29838673
2026-02-10 15:00:00+00:00,1770735600000,2008.87,2029.23,2002.97,2022.34,1172.18779737
2026-02-10 16:00:00+00:00,1770739200000,2022.24,2036.8,2011.56,2025.38,987.18671831
2026-02-10 17:00:00+00:00,1770742800000,2025.39,2046.25,2017.1,2039.61,1181.58016423
2026-02-10 18:00:00+00:00,1770746400000,2039.76,2041.79,1995.22,2009.05,2651.14564484
2026-02-10 19:00:00+00:00,1770750000000,2008.33,2025.67,2003.09,2017.07,1100.68803545
2026-02-10 20:00:00+00:00,1770753600000,2017.37,2019.98,2003.85,2010.09,1560.44034493
2026-02-10 21:00:00+00:00,1770757200000,2010.6,2016.38,1996.89,2007.29,794.98996946
2026-02-10 22:00:00+00:00,1770760800000,2007.62,2018.98,2006.57,2017.49,320.00271334
2026-02-10 23:00:00+00:00,1770764400000,2016.65,2021.89,2011.57,2021.58,637.65887079
2026-02-11 00:00:00+00:00,1770768000000,2021.56,2029.01,2018.7,2025.0,701.41211301
2026-02-11 01:00:00+00:00,1770771600000,2024.34,2029.35,2015.8,2022.43,399.04484983
2026-02-11 02:00:00+00:00,1770775200000,2023.32,2030.35,2013.29,2016.11,476.8446591
2026-02-11 03:00:00+00:00,1770778800000,2016.71,2019.6,1989.04,2007.73,4162.12879798
2026-02-11 04:00:00+00:00,1770782400000,2008.14,2009.45,1962.54,1970.45,2198.2629336
2026-02-11 05:00:00+00:00,1770786000000,1970.67,1979.73,1970.67,1973.1,1211.61065879
2026-02-11 06:00:00+00:00,1770789600000,1973.61,1976.44,1938.01,1948.83,3146.07165391
2026-02-11 07:00:00+00:00,1770793200000,1947.37,1957.18,1944.73,1950.01,764.99193608
2026-02-11 08:00:00+00:00,1770796800000,1950.01,1951.23,1936.08,1949.64,790.69546879
2026-02-11 09:00:00+00:00,1770800400000,1949.26,1952.97,1942.54,1945.97,271.94537519
2026-02-11 10:00:00+00:00,1770804000000,1946.2,1946.2,1931.8,1938.11,2214.79723741
2026-02-11 11:00:00+00:00,1770807600000,1937.92,1955.25,1936.82,1952.84,442.17416589
2026-02-11 12:00:00+00:00,1770811200000,1952.85,1965.39,1948.78,1951.01,952.02431697
2026-02-11 13:00:00+00:00,1770814800000,1951.53,1968.74,1941.94,1960.43,1143.85465199
2026-02-11 14:00:00+00:00,1770818400000,1960.08,2014.72,1936.51,1943.01,3603.20785775
2026-02-11 15:00:00+00:00,1770822000000,1943.2,1948.67,1902.5,1929.43,2817.14613259
2026-02-11 16:00:00+00:00,1770825600000,1929.01,1954.75,1909.83,1914.59,1832.08761782
2026-02-11 17:00:00+00:00,1770829200000,1914.51,1941.12,1908.87,1929.25,846.53647674
2026-02-11 18:00:00+00:00,1770832800000,1929.21,1947.4,1914.8,1943.18,726.42695396
2026-02-11 19:00:00+00:00,1770836400000,1943.31,1961.16,1937.58,1951.44,4803.36737385
2026-02-11 20:00:00+00:00,1770840000000,1951.06,1957.72,1939.31,1952.01,971.22324536
2026-02-11 21:00:00+00:00,1770843600000,1953.4,1985.86,1950.0,1969.01,1511.69984529
2026-02-11 22:00:00+00:00,1770847200000,1969.02,1971.35,1946.99,1950.01,1230.06038274
2026-02-11 23:00:00+00:00,1770850800000,1950.41,1954.82,1931.74,1940.52,1207.53127331
2026-02-12 00:00:00+00:00,1770854400000,1940.2,1962.43,1940.06,1960.17,588.93813655
2026-02-12 01:00:00+00:00,1770858000000,1958.31,1976.76,1958.31,1964.67,204.5030151
2026-02-12 02:00:00+00:00,1770861600000,1964.68,1969.84,1954.88,1957.32,407.01243816
2026-02-12 03:00:00+00:00,1770865200000,1957.68,1968.12,1955.9,1968.12,170.54820425
2026-02-12 04:00:00+00:00,1770868800000,1967.57,1974.06,1959.61,1965.57,482.95131047
2026-02-12 05:00:00+00:00,1770872400000,1964.8,1970.6,1952.0,1968.94,465.92435093
2026-02-12 06:00:00+00:00,1770876000000,1969.02,1980.94,1965.14,1972.95,155.73160109
2026-02-12 07:00:00+00:00,1770879600000,1973.53,1976.38,1965.22,1967.17,233.77860232
2026-02-12 08:00:00+00:00,1770883200000,1967.2,1972.03,1956.9,1964.03,325.77982692
2026-02-12 09:00:00+00:00,1770886800000,1964.43,1988.9,1962.23,1981.4,990.47652435
2026-02-12 10:00:00+00:00,1770890400000,1981.19,1993.83,1976.71,1993.28,504.32770541
2026-02-12 11:00:00+00:00,1770894000000,1993.34,2000.0,1982.98,1989.46,763.68033671
2026-02-12 12:00:00+00:00,1770897600000,1988.28,1989.89,1974.66,1980.31,330.22775964
2026-02-12 13:00:00+00:00,1770901200000,1980.19,1994.99,1975.2,1994.19,597.86790465
2026-02-12 14:00:00+00:00,1770904800000,1994.06,1994.91,1973.1,1977.69,446.16759361
2026-02-12 15:00:00+00:00,1770908400000,1977.98,1983.91,1944.61,1947.52,1615.27171242
2026-02-12 16:00:00+00:00,1770912000000,1948.18,1949.09,1895.7,1908.41,3154.65248837
2026-02-12 17:00:00+00:00,1770915600000,1908.56,1927.26,1901.79,1908.15,890.98951611
2026-02-12 18:00:00+00:00,1770919200000,1909.24,1923.86,1900.89,1917.56,787.83719607
2026-02-12 19:00:00+00:00,1770922800000,1917.56,1938.95,1910.91,1923.88,1848.18976253
2026-02-12 20:00:00+00:00,1770926400000,1924.22,1930.75,1908.42,1913.81,375.23647092
2026-02-12 21:00:00+00:00,1770930000000,1914.63,1926.27,1913.82,1921.53,586.32712214
2026-02-12 22:00:00+00:00,1770933600000,1922.16,1943.5,1919.08,1943.0,552.11941881
2026-02-12 23:00:00+00:00,1770937200000,1941.51,1950.61,1937.74,1946.08,1358.00206732
2026-02-13 00:00:00+00:00,1770940800000,1946.38,1953.32,1927.2,1932.23,692.57868571
2026-02-13 01:00:00+00:00,1770944400000,1931.71,1948.26,1931.71,1941.05,223.04822879
2026-02-13 02:00:00+00:00,1770948000000,1942.09,1949.79,1939.85,1946.84,319.26490878
2026-02-13 03:00:00+00:00,1770951600000,1946.84,1956.45,1942.68,1951.76,306.50068128
2026-02-13 04:00:00+00:00,1770955200000,1951.76,1953.82,1942.55,1942.55,384.74545512
2026-02-13 05:00:00+00:00,1770958800000,1943.66,1945.17,1932.07,1932.1,223.52562136
2026-02-13 06:00:00+00:00,1770962400000,1932.65,1937.03,1923.57,1935.55,434.25043239
2026-02-13 07:00:00+00:00,1770966000000,1935.55,1947.18,1931.9,1934.43,480.62555169
2026-02-13 08:00:00+00:00,1770969600000,1934.43,1962.88,1933.07,1956.38,859.60266689
2026-02-13 09:00:00+00:00,1770973200000,1957.77,1964.93,1951.88,1960.27,357.33015149
2026-02-13 10:00:00+00:00,1770976800000,1960.71,1967.38,1955.35,1957.91,341.60372387
2026-02-13 11:00:00+00:00,1770980400000,1957.85,1960.51,1945.03,1958.62,392.31837387
2026-02-13 12:00:00+00:00,1770984000000,1958.81,1962.97,1951.66,1959.38,256.78937906
2026-02-13 13:00:00+00:00,1770987600000,1959.54,1979.08,1955.21,1969.16,1874.92986252
2026-02-13 14:00:00+00:00,1770991200000,1969.23,2000.73,1962.26,1989.18,2073.58908392
2026-02-13 15:00:00+00:00,1770994800000,1989.68,2049.02,1986.33,2033.59,2644.742977
2026-02-13 16:00:00+00:00,1770998400000,2034.15,2071.71,2031.22,2059.98,1475.97116145
2026-02-13 17:00:00+00:00,1771002000000,2060.68,2065.95,2048.06,2058.39,1482.58165993
2026-02-13 18:00:00+00:00,1771005600000,2058.39,2063.04,2049.3,2056.52,1567.53773267
2026-02-13 19:00:00+00:00,1771009200000,2056.52,2060.77,2051.86,2057.3,575.60551098
2026-02-13 20:00:00+00:00,1771012800000,2057.11,2058.59,2038.95,2044.66,597.41126053
2026-02-13 21:00:00+00:00,1771016400000,2044.8,2057.76,2044.34,2053.44,408.41770104
2026-02-13 22:00:00+00:00,1771020000000,2053.04,2057.91,2044.54,2052.44,440.2035364
2026-02-13 23:00:00+00:00,1771023600000,2052.61,2053.16,2045.55,2047.86,321.51043889
2026-02-14 00:00:00+00:00,1771027200000,2047.68,2054.79,2041.95,2054.21,237.24324242
2026-02-14 01:00:00+00:00,1771030800000,2054.28,2056.52,2049.82,2053.31,261.42809851
2026-02-14 02:00:00+00:00,1771034400000,2053.51,2053.63,2047.22,2049.51,169.09109335
2026-02-14 03:00:00+00:00,1771038000000,2049.47,2054.9,2047.66,2053.41,90.59323891
2026-02-14 04:00:00+00:00,1771041600000,2053.55,2056.73,2052.01,2052.78,97.28761434
2026-02-14 05:00:00+00:00,1771045200000,2052.79,2055.53,2050.05,2050.38,93.21393573
2026-02-14 06:00:00+00:00,1771048800000,2050.38,2053.56,2048.0,2052.61,152.14294127
2026-02-14 07:00:00+00:00,1771052400000,2052.89,2059.88,2050.01,2056.46,100.9343684
2026-02-14 08:00:00+00:00,1771056000000,2056.46,2090.0,2056.46,2081.55,2106.58877666
2026-02-14 09:00:00+00:00,1771059600000,2081.54,2087.62,2075.57,2077.95,224.71652903
2026-02-14 10:00:00+00:00,1771063200000,2077.28,2077.28,2072.26,2076.36,140.8052163
2026-02-14 11:00:00+00:00,1771066800000,2076.36,2106.0,2076.1,2097.81,667.47842685
2026-02-14 12:00:00+00:00,1771070400000,2098.57,2099.05,2067.92,2069.95,836.86279109
2026-02-14 13:00:00+00:00,1771074000000,2070.12,2075.76,2064.26,2070.68,419.81263079
2026-02-14 14:00:00+00:00,1771077600000,2070.87,2087.85,2069.3,2085.1,568.17385088
2026-02-14 15:00:00+00:00,1771081200000,2085.1,2093.62,2080.68,2087.12,1021.19500093
2026-02-14 16:00:00+00:00,1771084800000,2087.1,2087.1,2067.42,2081.77,328.98024791
2026-02-14 17:00:00+00:00,1771088400000,2082.16,2087.74,2077.01,2079.54,400.82578723
2026-02-14 18:00:00+00:00,1771092000000,2079.6,2085.4,2078.32,2083.53,734.35905533
2026-02-14 19:00:00+00:00,1771095600000,2084.94,2089.91,2078.05,2087.57,1225.64993441
2026-02-14 20:00:00+00:00,1771099200000,2087.95,2091.3,2080.81,2088.76,373.26399067
2026-02-14 21:00:00+00:00,1771102800000,2088.76,2098.05,2078.07,2084.94,932.35233022
2026-02-14 22:00:00+00:00,1771106400000,2085.11,2093.6,2082.98,2089.71,386.39773704
2026-02-14 23:00:00+00:00,1771110000000,2088.84,2092.0,2082.91,2085.56,140.2315199
2026-02-15 00:00:00+00:00,1771113600000,2085.86,2088.73,2072.0,2078.93,427.84616033
2026-02-15 01:00:00+00:00,1771117200000,2079.07,2083.98,2053.23,2062.76,1002.04020344
2026-02-15 02:00:00+00:00,1771120800000,2063.27,2071.1,2044.4,2060.0,1191.33779941
2026-02-15 03:00:00+00:00,1771124400000,2058.81,2062.05,2035.78,2058.54,3705.96718437
2026-02-15 04:00:00+00:00,1771128000000,2058.62,2086.69,2058.62,2075.42,1379.97654066
2026-02-15 05:00:00+00:00,1771131600000,2076.03,2095.11,2074.77,2088.16,259.33769288
2026-02-15 06:00:00+00:00,1771135200000,2088.16,2093.55,2082.09,2085.44,1119.22171988
2026-02-15 07:00:00+00:00,1771138800000,2085.43,2101.87,2082.52,2090.12,807.9296867
2026-02-15 08:00:00+00:00,1771142400000,2090.89,2095.86,2055.57,2068.46,1108.19789958
2026-02-15 09:00:00+00:00,1771146000000,2068.47,2077.12,2066.29,2067.69,238.01656239
2026-02-15 10:00:00+00:00,1771149600000,2067.7,2069.46,2053.82,2060.44,517.28019888
2026-02-15 11:00:00+00:00,1771153200000,2060.45,2066.05,2058.34,2061.38,158.1420014
2026-02-15 12:00:00+00:00,1771156800000,2061.38,2067.24,2010.67,2010.67,1024.26245577
2026-02-15 13:00:00+00:00,1771160400000,2010.29,2027.01,1993.51,2001.54,1984.21184857
2026-02-15 14:00:00+00:00,1771164000000,2000.74,2011.37,1992.29,2009.5,471.50387979
2026-02-15 15:00:00+00:00,1771167600000,2009.57,2013.95,2002.5,2010.6,1297.67913862
2026-02-15 16:00:00+00:00,1771171200000,2010.68,2010.68,1993.77,2006.13,1473.28372432
2026-02-15 17:00:00+00:00,1771174800000,2006.13,2008.31,1956.11,1970.45,1953.36112631
2026-02-15 18:00:00+00:00,1771178400000,1970.45,1980.0,1953.37,1959.04,3143.11465812
2026-02-15 19:00:00+00:00,1771182000000,1958.59,1961.26,1928.0,1941.55,1873.31191909
2026-02-15 20:00:00+00:00,1771185600000,1941.45,1956.68,1933.53,1949.21,614.98773471
2026-02-15 21:00:00+00:00,1771189200000,1949.43,1965.0,1949.2,1958.33,326.32843926
2026-02-15 22:00:00+00:00,1771192800000,1958.01,1973.45,1955.42,1968.92,586.37522692
2026-02-15 23:00:00+00:00,1771196400000,1969.37,1969.37,1943.31,1965.46,516.23823798
2026-02-16 00:00:00+00:00,1771200000000,1965.82,1978.0,1962.58,1968.34,402.45916955
2026-02-16 01:00:00+00:00,1771203600000,1968.94,1979.84,1956.08,1962.31,269.23998734
2026-02-16 02:00:00+00:00,1771207200000,1962.4,1965.92,1952.72,1956.23,236.79075235
2026-02-16 03:00:00+00:00,1771210800000,1955.7,1958.96,1948.51,1958.0,227.75516948
2026-02-16 04:00:00+00:00,1771214400000,1958.22,1971.97,1957.78,1971.97,225.88069307
2026-02-16 05:00:00+00:00,1771218000000,1972.26,1973.36,1952.27,1957.07,250.08428771
2026-02-16 06:00:00+00:00,1771221600000,1957.12,1966.89,1956.03,1966.74,94.60697343
2026-02-16 07:00:00+00:00,1771225200000,1966.06,1978.1,1964.14,1970.29,513.01960689
2026-02-16 08:00:00+00:00,1771228800000,1970.67,1977.22,1969.24,1976.86,108.93185488
2026-02-16 09:00:00+00:00,1771232400000,1976.49,1992.53,1975.98,1986.41,457.69961218
2026-02-16 10:00:00+00:00,1771236000000,1986.41,1987.89,1976.98,1978.42,340.37414002
2026-02-16 11:00:00+00:00,1771239600000,1978.42,1982.44,1957.23,1975.86,775.49854954
2026-02-16 12:00:00+00:00,1771243200000,1976.1,2008.06,1971.95,2005.62,868.98494653
2026-02-16 13:00:00+00:00,1771246800000,2005.62,2021.74,1960.66,1966.86,1157.14999977
2026-02-16 14:00:00+00:00,1771250400000,1967.03,1981.61,1954.3,1972.26,562.17871787
2026-02-16 15:00:00+00:00,1771254000000,1972.06,1984.4,1937.5,1955.56,818.08764786
2026-02-16 16:00:00+00:00,1771257600000,1955.99,1978.22,1955.72,1972.65,464.1225634
2026-02-16 17:00:00+00:00,1771261200000,1972.86,1987.49,1963.61,1978.29,924.62049227
2026-02-16 18:00:00+00:00,1771264800000,1978.32,1985.0,1967.01,1967.85,377.9746279
2026-02-16 19:00:00+00:00,1771268400000,1967.86,1978.77,1965.94,1973.46,217.63071103
2026-02-16 20:00:00+00:00,1771272000000,1973.39,1993.68,1970.45,1992.67,555.43771534
2026-02-16 21:00:00+00:00,1771275600000,1992.5,2003.8,1985.8,1999.23,3067.7993601
2026-02-16 22:00:00+00:00,1771279200000,1998.67,2001.6,1984.64,1989.41,1282.76398088
2026-02-16 23:00:00+00:00,1771282800000,1989.5,2001.67,1988.3,1997.94,650.64133558
2026-02-17 00:00:00+00:00,1771286400000,1997.64,2004.8,1992.91,1997.9,125.3551479
2026-02-17 01:00:00+00:00,1771290000000,1997.91,2006.87,1990.79,1991.72,215.58011126
2026-02-17 02:00:00+00:00,1771293600000,1991.42,2009.73,1978.91,1997.96,457.44172028
2026-02-17 03:00:00+00:00,1771297200000,1997.82,1998.07,1984.65,1984.93,232.44175038
2026-02-17 04:00:00+00:00,1771300800000,1985.0,1998.37,1982.5,1988.62,277.6185292
2026-02-17 05:00:00+00:00,1771304400000,1988.63,1989.75,1964.38,1974.0,296.10765025
2026-02-17 06:00:00+00:00,1771308000000,1974.0,1983.33,1974.0,1980.65,227.68629345
2026-02-17 07:00:00+00:00,1771311600000,1980.31,1987.41,1973.03,1985.01,215.66888904
2026-02-17 08:00:00+00:00,1771315200000,1985.01,1989.72,1973.3,1976.07,386.58836558
2026-02-17 09:00:00+00:00,1771318800000,1976.12,1979.26,1969.25,1974.6,337.36502465
2026-02-17 10:00:00+00:00,1771322400000,1974.6,1976.1,1961.25,1965.94,291.85577467
2026-02-17 11:00:00+00:00,1771326000000,1965.94,1971.64,1963.72,1967.42,379.18317698
2026-02-17 12:00:00+00:00,1771329600000,1967.78,1976.07,1966.69,1968.45,451.30432731
2026-02-17 13:00:00+00:00,1771333200000,1968.56,2000.0,1964.49,1990.0,1123.72725218
2026-02-17 14:00:00+00:00,1771336800000,1989.6,2002.0,1943.42,1947.54,2203.03197053
2026-02-17 15:00:00+00:00,1771340400000,1948.06,1967.99,1941.24,1967.96,1550.05952751
2026-02-17 16:00:00+00:00,1771344000000,1968.32,2008.9,1967.49,1979.64,2541.1084326
2026-02-17 17:00:00+00:00,1771347600000,1979.76,1982.47,1953.53,1965.8,1337.31042092
2026-02-17 18:00:00+00:00,1771351200000,1965.64,2006.43,1961.61,1998.44,1986.93483475
2026-02-17 19:00:00+00:00,1771354800000,1997.82,2014.02,1994.61,1997.31,1109.02442352
2026-02-17 20:00:00+00:00,1771358400000,1997.38,2000.7,1986.15,1995.05,1575.73396655
2026-02-17 21:00:00+00:00,1771362000000,1994.37,2001.84,1992.0,1999.1,180.79363609
2026-02-17 22:00:00+00:00,1771365600000,1999.09,2003.0,1992.06,1993.21,165.09245709
2026-02-17 23:00:00+00:00,1771369200000,1993.19,1997.16,1989.08,1991.84,270.80850264
2026-02-18 00:00:00+00:00,1771372800000,1991.2,1996.61,1980.5,1980.5,428.57564544
2026-02-18 01:00:00+00:00,1771376400000,1980.91,1982.95,1967.94,1977.2,815.87981572
2026-02-18 02:00:00+00:00,1771380000000,1977.2,1991.99,1977.11,1986.7,1065.01053358
2026-02-18 03:00:00+00:00,1771383600000,1986.75,1999.38,1985.86,1996.45,350.51109719
2026-02-18 04:00:00+00:00,1771387200000,1996.15,2001.52,1992.81,1998.33,65.969789
2026-02-18 05:00:00+00:00,1771390800000,1998.33,2001.75,1995.27,1995.48,179.87242238
2026-02-18 06:00:00+00:00,1771394400000,1995.48,2006.78,1994.81,2001.18,251.3140232
2026-02-18 07:00:00+00:00,1771398000000,2001.19,2022.23,1995.86,2017.27,483.50415411
2026-02-18 08:00:00+00:00,1771401600000,2017.44,2038.21,2016.59,2019.61,558.48376432
2026-02-18 09:00:00+00:00,1771405200000,2019.68,2021.61,2015.38,2015.6,168.92142188
2026-02-18 10:00:00+00:00,1771408800000,2015.97,2017.33,1995.18,1996.2,718.3557403
2026-02-18 11:00:00+00:00,1771412400000,1996.2,1997.21,1976.24,1981.36,439.29644366
2026-02-18 12:00:00+00:00,1771416000000,1981.01,1988.49,1971.66,1981.57,531.56642556
2026-02-18 13:00:00+00:00,1771419600000,1981.66,1990.88,1961.0,1969.9,509.34422406
2026-02-18 14:00:00+00:00,1771423200000,1969.93,1976.49,1953.42,1973.43,1291.02019735
2026-02-18 15:00:00+00:00,1771426800000,1974.34,2009.0,1972.66,1985.17,1966.04729308
2026-02-18 16:00:00+00:00,1771430400000,1984.91,1984.91,1964.83,1971.0,1027.21734332
2026-02-18 17:00:00+00:00,1771434000000,1970.94,1986.59,1970.02,1973.19,478.88598141
2026-02-18 18:00:00+00:00,1771437600000,1973.54,1976.76,1948.0,1952.0,2668.96795993
2026-02-18 19:00:00+00:00,1771441200000,1951.57,1960.38,1922.94,1940.4,2928.39354382
2026-02-18 20:00:00+00:00,1771444800000,1940.4,1951.46,1935.16,1938.85,911.64787433
2026-02-18 21:00:00+00:00,1771448400000,1938.85,1947.15,1935.08,1941.04,495.04948963
2026-02-18 22:00:00+00:00,1771452000000,1941.04,1949.36,1939.07,1947.21,414.16580079
2026-02-18 23:00:00+00:00,1771455600000,1947.41,1955.45,1943.94,1955.31,501.5856113
2026-02-19 00:00:00+00:00,1771459200000,1955.29,1959.89,1949.38,1955.27,415.35583574
2026-02-19 01:00:00+00:00,1771462800000,1955.55,1973.49,1955.5,1966.25,723.20052193
2026-02-19 02:00:00+00:00,1771466400000,1966.25,1971.95,1962.03,1967.47,215.52590688
2026-02-19 03:00:00+00:00,1771470000000,1967.15,1972.42,1962.34,1971.52,114.97186809
2026-02-19 04:00:00+00:00,1771473600000,1971.75,1977.83,1968.28,1969.01,292.88389927
2026-02-19 05:00:00+00:00,1771477200000,1969.01,1971.66,1963.76,1969.86,258.58843806
2026-02-19 06:00:00+00:00,1771480800000,1969.75,1983.99,1969.39,1982.25,775.36982882
2026-02-19 07:00:00+00:00,1771484400000,1982.41,1986.0,1978.53,1981.0,166.23037437
2026-02-19 08:00:00+00:00,1771488000000,1980.98,1980.98,1965.62,1969.56,354.19591656
2026-02-19 09:00:00+00:00,1771491600000,1970.01,1979.59,1961.45,1962.94,449.61815658
2026-02-19 10:00:00+00:00,1771495200000,1962.93,1967.28,1957.59,1958.75,599.64674012
2026-02-19 11:00:00+00:00,1771498800000,1958.85,1963.39,1948.25,1948.78,819.77330642
2026-02-19 12:00:00+00:00,1771502400000,1948.85,1954.56,1944.87,1946.87,570.51961083
2026-02-19 13:00:00+00:00,1771506000000,1946.68,1947.67,1911.72,1920.77,1069.60737251
2026-02-19 14:00:00+00:00,1771509600000,1920.8,1946.62,1912.34,1933.88,957.98436578
2026-02-19 15:00:00+00:00,1771513200000,1936.62,1946.51,1912.84,1925.8,1390.63193129
2026-02-19 16:00:00+00:00,1771516800000,1925.73,1929.36,1905.46,1921.55,1486.81161044
2026-02-19 17:00:00+00:00,1771520400000,1921.27,1943.52,1910.15,1920.4,1383.27922868
2026-02-19 18:00:00+00:00,1771524000000,1920.1,1942.55,1916.6,1938.85,1001.99375818
2026-02-19 19:00:00+00:00,1771527600000,1939.29,1947.39,1927.53,1940.96,615.80476075
2026-02-19 20:00:00+00:00,1771531200000,1940.52,1951.91,1934.29,1948.01,841.19296747
2026-02-19 21:00:00+00:00,1771534800000,1950.22,1951.63,1945.56,1947.3,1499.15440458
2026-02-19 22:00:00+00:00,1771538400000,1947.58,1948.02,1936.01,1944.2,236.54308888
2026-02-19 23:00:00+00:00,1771542000000,1943.51,1950.54,1941.49,1948.33,222.46365929
2026-02-20 00:00:00+00:00,1771545600000,1948.37,1963.0,1946.89,1957.51,2912.1394033
2026-02-20 01:00:00+00:00,1771549200000,1956.93,1960.59,1949.25,1952.89,194.38465852
2026-02-20 02:00:00+00:00,1771552800000,1953.03,1955.87,1947.64,1949.85,291.10157282
2026-02-20 03:00:00+00:00,1771556400000,1949.16,1959.68,1949.15,1954.14,247.61141125
2026-02-20 04:00:00+00:00,1771560000000,1954.04,1955.45,1930.89,1938.58,861.78929341
2026-02-20 05:00:00+00:00,1771563600000,1938.58,1965.61,1935.81,1954.61,2500.7066801
2026-02-20 06:00:00+00:00,1771567200000,1954.62,1959.25,1949.28,1957.81,1917.5053732
2026-02-20 07:00:00+00:00,1771570800000,1957.82,1970.0,1956.51,1961.98,15321.86658963
2026-02-20 08:00:00+00:00,1771574400000,1960.96,1965.9,1957.19,1959.87,1081.72261793
2026-02-20 09:00:00+00:00,1771578000000,1959.7,1971.34,1959.69,1967.85,1191.38830221
2026-02-20 10:00:00+00:00,1771581600000,1967.81,1972.88,1956.49,1956.5,481.70910256
2026-02-20 11:00:00+00:00,1771585200000,1956.5,1957.6,1940.13,1942.78,846.80103633
2026-02-20 12:00:00+00:00,1771588800000,1943.5,1950.86,1941.97,1949.27,441.18982503
2026-02-20 13:00:00+00:00,1771592400000,1949.27,1949.27,1922.66,1934.11,1603.82893944
2026-02-20 14:00:00+00:00,1771596000000,1933.85,1953.74,1932.69,1943.26,1719.58899756
2026-02-20 15:00:00+00:00,1771599600000,1943.46,1980.76,1935.39,1963.26,2408.90705102
2026-02-20 16:00:00+00:00,1771603200000,1963.8,1972.67,1953.38,1969.21,1394.91497432
2026-02-20 17:00:00+00:00,1771606800000,1968.45,1969.95,1938.84,1966.04,2762.61869166
2026-02-20 18:00:00+00:00,1771610400000,1966.04,1980.5,1960.0,1975.46,2754.05960492
2026-02-20 19:00:00+00:00,1771614000000,1975.23,1977.61,1960.95,1963.12,2416.07210317
2026-02-20 20:00:00+00:00,1771617600000,1963.12,1970.78,1962.47,1970.78,1232.08865647
2026-02-20 21:00:00+00:00,1771621200000,1970.79,1974.3,1966.83,1973.67,602.52175392
2026-02-20 22:00:00+00:00,1771624800000,1973.67,1973.67,1964.13,1968.61,326.01909705
2026-02-20 23:00:00+00:00,1771628400000,1970.63,1972.61,1963.15,1968.71,294.08274495
2026-02-21 00:00:00+00:00,1771632000000,1968.35,1968.35,1961.0,1961.76,1923.04813434
2026-02-21 01:00:00+00:00,1771635600000,1961.76,1968.19,1961.76,1965.24,739.41435997
2026-02-21 02:00:00+00:00,1771639200000,1965.24,1971.01,1964.08,1965.64,2506.61835128
2026-02-21 03:00:00+00:00,1771642800000,1965.21,1965.21,1955.34,1958.22,268.47170442
2026-02-21 04:00:00+00:00,1771646400000,1958.22,1962.24,1955.39,1961.71,66.78700389
2026-02-21 05:00:00+00:00,1771650000000,1961.76,1963.53,1960.77,1962.35,124.82328078
2026-02-21 06:00:00+00:00,1771653600000,1962.4,1965.3,1960.17,1961.03,107.38699223
2026-02-21 07:00:00+00:00,1771657200000,1960.88,1964.09,1959.43,1962.3,258.7018116
2026-02-21 08:00:00+00:00,1771660800000,1962.29,1970.52,1962.02,1968.67,777.68184152
2026-02-21 09:00:00+00:00,1771664400000,1968.56,1976.82,1966.92,1970.09,544.88890044
2026-02-21 10:00:00+00:00,1771668000000,1970.1,1974.0,1970.09,1973.84,181.37015642
2026-02-21 11:00:00+00:00,1771671600000,1973.84,1987.5,1973.44,1976.82,450.92733439
2026-02-21 12:00:00+00:00,1771675200000,1976.65,1977.97,1969.52,1975.26,266.53864198
2026-02-21 13:00:00+00:00,1771678800000,1975.27,1980.95,1972.48,1980.95,862.87628422
2026-02-21 14:00:00+00:00,1771682400000,1980.75,1994.62,1978.36,1987.26,1131.46250955
2026-02-21 15:00:00+00:00,1771686000000,1987.02,1992.54,1983.9,1987.6,231.31234218
2026-02-21 16:00:00+00:00,1771689600000,1987.56,1988.86,1976.64,1985.05,619.71163367
2026-02-21 17:00:00+00:00,1771693200000,1985.78,1991.59,1984.0,1987.87,231.31680765
2026-02-21 18:00:00+00:00,1771696800000,1987.88,1994.97,1987.71,1991.31,375.49418155
2026-02-21 19:00:00+00:00,1771700400000,1991.31,1993.43,1987.6,1987.92,113.2879614
2026-02-21 20:00:00+00:00,1771704000000,1988.0,1989.93,1973.78,1974.43,919.9119867
2026-02-21 21:00:00+00:00,1771707600000,1973.84,1981.76,1970.01,1981.71,362.57403597
2026-02-21 22:00:00+00:00,1771711200000,1981.69,1981.69,1972.38,1973.38,262.11743719
2026-02-21 23:00:00+00:00,1771714800000,1973.66,1977.29,1971.05,1973.59,114.52077527
2026-02-22 00:00:00+00:00,1771718400000,1973.19,1974.44,1967.38,1971.81,199.81203166
2026-02-22 01:00:00+00:00,1771722000000,1972.11,1978.65,1972.1,1976.81,172.54421856
2026-02-22 02:00:00+00:00,1771725600000,1976.81,1982.0,1971.77,1971.77,210.463537
2026-02-22 03:00:00+00:00,1771729200000,1971.78,1975.31,1967.36,1974.29,156.29157699
2026-02-22 04:00:00+00:00,1771732800000,1974.3,1975.4,1970.69,1972.97,127.74897458
2026-02-22 05:00:00+00:00,1771736400000,1973.04,1974.24,1971.2,1974.24,36.85677459
2026-02-22 06:00:00+00:00,1771740000000,1974.39,1978.64,1973.88,1975.54,295.50794745
2026-02-22 07:00:00+00:00,1771743600000,1975.55,1978.23,1974.26,1975.58,92.97033403
2026-02-22 08:00:00+00:00,1771747200000,1975.58,1976.67,1970.63,1973.37,95.16470178
2026-02-22 09:00:00+00:00,1771750800000,1973.15,1975.76,1971.21,1975.76,69.47250234
2026-02-22 10:00:00+00:00,1771754400000,1975.76,1979.05,1974.86,1977.51,638.01881738
2026-02-22 11:00:00+00:00,1771758000000,1977.51,1982.0,1977.5,1980.0,314.00122829
2026-02-22 12:00:00+00:00,1771761600000,1980.0,1980.97,1962.0,1965.69,514.55969147
2026-02-22 13:00:00+00:00,1771765200000,1965.69,1968.34,1944.87,1950.83,1596.72388833
2026-02-22 14:00:00+00:00,1771768800000,1950.73,1953.38,1944.02,1950.13,573.36552928
2026-02-22 15:00:00+00:00,1771772400000,1950.2,1957.59,1945.71,1953.12,318.70746062
2026-02-22 16:00:00+00:00,1771776000000,1953.12,1954.21,1947.13,1951.96,140.34730927
2026-02-22 17:00:00+00:00,1771779600000,1951.96,1952.32,1934.72,1938.71,1595.60688922
2026-02-22 18:00:00+00:00,1771783200000,1939.76,1943.76,1938.37,1942.34,209.19943496
2026-02-22 19:00:00+00:00,1771786800000,1942.34,1944.91,1940.16,1943.29,350.6930231
2026-02-22 20:00:00+00:00,1771790400000,1943.3,1944.76,1939.4,1939.4,211.51314721
2026-02-22 21:00:00+00:00,1771794000000,1939.98,1951.7,1939.98,1950.21,341.28961695
2026-02-22 22:00:00+00:00,1771797600000,1950.21,1959.96,1947.0,1958.1,524.96440972
2026-02-22 23:00:00+00:00,1771801200000,1957.84,1960.0,1948.0,1957.4,636.65840893
2026-02-23 00:00:00+00:00,1771804800000,1957.41,1957.8,1928.23,1929.15,1058.44551672
2026-02-23 01:00:00+00:00,1771808400000,1929.15,1929.15,1845.58,1856.01,6261.94319041
2026-02-23 02:00:00+00:00,1771812000000,1856.7,1868.22,1851.88,1863.16,995.67007441
2026-02-23 03:00:00+00:00,1771815600000,1863.09,1870.94,1855.46,1863.05,842.70946514
2026-02-23 04:00:00+00:00,1771819200000,1863.06,1864.62,1853.62,1859.43,744.31281645
2026-02-23 05:00:00+00:00,1771822800000,1859.6,1870.15,1859.6,1865.54,1334.32052322
2026-02-23 06:00:00+00:00,1771826400000,1865.52,1882.48,1863.72,1879.85,585.96907389
2026-02-23 07:00:00+00:00,1771830000000,1879.32,1888.17,1876.9,1884.71,271.07020871
2026-02-23 08:00:00+00:00,1771833600000,1885.0,1889.31,1876.47,1880.54,1378.01732095
2026-02-23 09:00:00+00:00,1771837200000,1880.34,1918.0,1880.34,1916.49,1121.93947061
2026-02-23 10:00:00+00:00,1771840800000,1917.31,1927.82,1912.65,1913.55,711.41804508
2026-02-23 11:00:00+00:00,1771844400000,1914.03,1920.06,1911.19,1915.18,280.55700058
2026-02-23 12:00:00+00:00,1771848000000,1915.2,1926.0,1906.21,1919.54,703.93269008
2026-02-23 13:00:00+00:00,1771851600000,1919.79,1934.99,1918.83,1921.81,1767.02670208
2026-02-23 14:00:00+00:00,1771855200000,1921.8,1924.96,1894.52,1906.41,2499.86132693
2026-02-23 15:00:00+00:00,1771858800000,1906.41,1912.39,1892.68,1895.58,1219.30251078
2026-02-23 16:00:00+00:00,1771862400000,1895.49,1899.82,1881.25,1884.0,1356.58970697
2026-02-23 17:00:00+00:00,1771866000000,1884.5,1887.62,1837.22,1863.04,3876.26486422
2026-02-23 18:00:00+00:00,1771869600000,1863.74,1873.48,1855.01,1857.45,1583.60483614
2026-02-23 19:00:00+00:00,1771873200000,1857.46,1864.14,1847.22,1856.76,517.12700084
2026-02-23 20:00:00+00:00,1771876800000,1856.76,1862.19,1846.57,1859.7,1397.6402308
2026-02-23 21:00:00+00:00,1771880400000,1860.56,1868.85,1858.33,1862.48,835.25395423
2026-02-23 22:00:00+00:00,1771884000000,1863.05,1869.37,1859.25,1859.25,1197.85447848
2026-02-23 23:00:00+00:00,1771887600000,1859.25,1866.43,1850.62,1856.01,2360.0909941
2026-02-24 00:00:00+00:00,1771891200000,1855.62,1868.77,1855.04,1867.25,528.46722932
2026-02-24 01:00:00+00:00,1771894800000,1867.25,1867.25,1811.5,1840.49,4055.05395505
2026-02-24 02:00:00+00:00,1771898400000,1840.37,1853.9,1836.11,1843.32,1371.64446787
2026-02-24 03:00:00+00:00,1771902000000,1842.86,1842.86,1823.11,1830.8,3027.05919293
2026-02-24 04:00:00+00:00,1771905600000,1831.21,1833.42,1813.6,1829.99,4390.09026533
2026-02-24 05:00:00+00:00,1771909200000,1830.0,1839.8,1814.1,1825.85,2827.74578269
2026-02-24 06:00:00+00:00,1771912800000,1825.84,1830.39,1817.87,1820.23,658.89763839
2026-02-24 07:00:00+00:00,1771916400000,1820.24,1830.88,1815.0,1824.11,612.74409948
2026-02-24 08:00:00+00:00,1771920000000,1825.23,1835.74,1818.01,1831.3,289.50246192
2026-02-24 09:00:00+00:00,1771923600000,1831.11,1834.13,1814.65,1826.21,344.40894033
2026-02-24 10:00:00+00:00,1771927200000,1826.45,1828.98,1820.18,1825.76,543.69244326
2026-02-24 11:00:00+00:00,1771930800000,1825.76,1827.18,1818.12,1825.97,689.77970724
2026-02-24 12:00:00+00:00,1771934400000,1826.69,1829.84,1821.06,1823.8,579.21278333
2026-02-24 13:00:00+00:00,1771938000000,1823.8,1826.81,1792.8,1815.53,2914.26654571
2026-02-24 14:00:00+00:00,1771941600000,1815.33,1847.4,1803.2,1834.3,2870.75502775
2026-02-24 15:00:00+00:00,1771945200000,1834.88,1849.99,1828.7,1847.64,1692.83368194
2026-02-24 16:00:00+00:00,1771948800000,1847.65,1863.01,1838.8,1858.84,1025.41571437
2026-02-24 17:00:00+00:00,1771952400000,1858.76,1864.63,1849.72,1856.09,2568.38026874
2026-02-24 18:00:00+00:00,1771956000000,1855.7,1859.99,1845.77,1854.77,1024.57787367
2026-02-24 19:00:00+00:00,1771959600000,1854.84,1863.52,1847.41,1852.48,3128.51543552
2026-02-24 20:00:00+00:00,1771963200000,1852.48,1862.0,1849.85,1858.74,458.15477207
2026-02-24 21:00:00+00:00,1771966800000,1859.02,1859.02,1845.77,1854.5,463.66228954
2026-02-24 22:00:00+00:00,1771970400000,1854.25,1863.99,1853.3,1860.51,296.62108033
2026-02-24 23:00:00+00:00,1771974000000,1860.44,1860.44,1851.8,1851.81,349.42615215
2026-02-25 00:00:00+00:00,1771977600000,1851.81,1856.54,1846.74,1851.87,291.68819354
2026-02-25 01:00:00+00:00,1771981200000,1852.02,1923.91,1850.71,1918.8,2815.1420224
2026-02-25 02:00:00+00:00,1771984800000,1918.35,1946.22,1918.35,1920.97,2115.15851963
2026-02-25 03:00:00+00:00,1771988400000,1920.92,1922.37,1903.78,1905.91,1145.72818372
2026-02-25 04:00:00+00:00,1771992000000,1906.2,1914.36,1895.48,1906.16,842.63915466
2026-02-25 05:00:00+00:00,1771995600000,1906.16,1907.94,1878.31,1887.63,1211.38913936
2026-02-25 06:00:00+00:00,1771999200000,1888.04,1895.82,1884.97,1885.04,238.34977552
2026-02-25 07:00:00+00:00,1772002800000,1885.05,1894.9,1882.56,1893.2,277.069287
2026-02-25 08:00:00+00:00,1772006400000,1893.21,1913.07,1890.18,1910.31,504.59835254
2026-02-25 09:00:00+00:00,1772010000000,1910.26,1917.29,1908.19,1915.26,1248.68047495
2026-02-25 10:00:00+00:00,1772013600000,1915.26,1923.51,1910.48,1912.92,886.03293032
2026-02-25 11:00:00+00:00,1772017200000,1912.87,1927.95,1908.12,1926.02,612.47184476
2026-02-25 12:00:00+00:00,1772020800000,1926.26,1956.0,1922.41,1952.59,2526.74553345
2026-02-25 13:00:00+00:00,1772024400000,1953.0,1977.46,1952.71,1964.42,1681.53106049
2026-02-25 14:00:00+00:00,1772028000000,1964.42,2001.02,1962.99,1997.36,2815.68575518
2026-02-25 15:00:00+00:00,1772031600000,1997.86,2028.0,1987.03,2014.49,6728.81959141
2026-02-25 16:00:00+00:00,1772035200000,2014.56,2049.32,2013.95,2046.16,2213.20066547
2026-02-25 17:00:00+00:00,1772038800000,2046.81,2085.9,2044.84,2074.28,3190.84648573
2026-02-25 18:00:00+00:00,1772042400000,2074.28,2081.12,2057.74,2075.31,2225.938568
2026-02-25 19:00:00+00:00,1772046000000,2074.89,2075.6,2060.97,2071.45,1715.43239606
2026-02-25 20:00:00+00:00,1772049600000,2071.66,2083.44,2058.83,2075.11,1569.29415083
2026-02-25 21:00:00+00:00,1772053200000,2076.05,2158.6,2067.33,2100.79,4789.13298693
2026-02-25 22:00:00+00:00,1772056800000,2100.77,2115.29,2073.67,2084.17,1559.85650694
2026-02-25 23:00:00+00:00,1772060400000,2083.19,2086.68,2035.07,2056.79,2829.08219887
2026-02-26 00:00:00+00:00,1772064000000,2057.65,2077.8,2048.78,2062.81,1583.10403936
2026-02-26 01:00:00+00:00,1772067600000,2062.81,2066.58,2050.48,2058.35,737.33994977
2026-02-26 02:00:00+00:00,1772071200000,2058.66,2059.0,2040.01,2053.31,1205.26181776
2026-02-26 03:00:00+00:00,1772074800000,2053.31,2059.58,2047.41,2054.52,774.9900657
2026-02-26 04:00:00+00:00,1772078400000,2054.73,2083.12,2052.36,2075.13,1112.80973987
2026-02-26 05:00:00+00:00,1772082000000,2075.26,2075.29,2057.62,2065.9,419.78980826
2026-02-26 06:00:00+00:00,1772085600000,2066.48,2076.19,2060.1,2062.83,329.29321399
2026-02-26 07:00:00+00:00,1772089200000,2062.68,2068.38,2052.3,2053.51,333.0344396
2026-02-26 08:00:00+00:00,1772092800000,2053.58,2058.07,2045.5,2054.61,541.70182295
2026-02-26 09:00:00+00:00,1772096400000,2054.12,2077.08,2052.96,2075.17,1186.3609416
2026-02-26 10:00:00+00:00,1772100000000,2075.09,2082.77,2062.62,2065.67,355.52678271
2026-02-26 11:00:00+00:00,1772103600000,2065.7,2066.66,2053.96,2056.83,243.4674348
2026-02-26 12:00:00+00:00,1772107200000,2057.51,2071.98,2055.99,2069.23,202.92225003
2026-02-26 13:00:00+00:00,1772110800000,2069.93,2074.09,2061.91,2065.22,494.35070133
2026-02-26 14:00:00+00:00,1772114400000,2065.34,2077.87,2034.59,2051.17,1615.64707857
2026-02-26 15:00:00+00:00,1772118000000,2051.17,2054.19,2012.18,2033.12,4696.66676218
2026-02-26 16:00:00+00:00,1772121600000,2033.86,2039.03,1979.2,1984.08,6255.31141898
2026-02-26 17:00:00+00:00,1772125200000,1984.08,1998.59,1983.15,1989.2,2599.8627878
2026-02-26 18:00:00+00:00,1772128800000,1988.64,2009.53,1975.33,2004.02,1982.92807915
2026-02-26 19:00:00+00:00,1772132400000,2004.18,2033.51,2004.16,2030.56,3655.29815912
2026-02-26 20:00:00+00:00,1772136000000,2030.42,2041.71,2022.08,2023.84,1719.36441007
2026-02-26 21:00:00+00:00,1772139600000,2023.76,2035.06,2018.86,2030.34,684.77389223
2026-02-26 22:00:00+00:00,1772143200000,2030.99,2036.59,2027.68,2034.04,278.19021082
2026-02-26 23:00:00+00:00,1772146800000,2032.9,2033.64,2025.01,2027.58,1365.51866571
2026-02-27 00:00:00+00:00,1772150400000,2027.82,2030.92,2009.76,2013.92,704.13749539
2026-02-27 01:00:00+00:00,1772154000000,2014.92,2022.31,2001.42,2021.32,772.05435601
2026-02-27 02:00:00+00:00,1772157600000,2021.96,2034.33,2019.94,2026.16,526.98957842
2026-02-27 03:00:00+00:00,1772161200000,2026.16,2049.0,2019.75,2045.42,639.9503144
2026-02-27 04:00:00+00:00,1772164800000,2045.42,2063.0,2040.15,2042.38,835.70456013
2026-02-27 05:00:00+00:00,1772168400000,2042.44,2049.25,2039.37,2041.48,333.77947803
2026-02-27 06:00:00+00:00,1772172000000,2041.48,2042.61,2029.29,2036.4,1040.86604862
2026-02-27 07:00:00+00:00,1772175600000,2036.19,2040.83,2023.0,2031.55,465.66177963
2026-02-27 08:00:00+00:00,1772179200000,2032.53,2045.26,2028.67,2033.99,482.066115
2026-02-27 09:00:00+00:00,1772182800000,2033.99,2041.3,2009.07,2010.62,3541.7586646
2026-02-27 10:00:00+00:00,1772186400000,2010.15,2013.38,1979.25,1980.89,1563.81126465
2026-02-27 11:00:00+00:00,1772190000000,1981.17,1984.04,1954.1,1961.82,1761.96098739
2026-02-27 12:00:00+00:00,1772193600000,1962.49,1968.7,1949.71,1960.49,812.95770549
2026-02-27 13:00:00+00:00,1772197200000,1960.23,1967.23,1939.0,1963.51,1671.16744341
2026-02-27 14:00:00+00:00,1772200800000,1963.41,1964.0,1940.55,1943.41,3786.19333139
2026-02-27 15:00:00+00:00,1772204400000,1942.9,1959.01,1941.47,1949.42,1557.66677582
2026-02-27 16:00:00+00:00,1772208000000,1949.2,1949.2,1924.74,1927.72,1640.44944003
2026-02-27 17:00:00+00:00,1772211600000,1927.29,1934.56,1907.56,1932.7,2461.87240858
2026-02-27 18:00:00+00:00,1772215200000,1932.71,1933.16,1915.8,1918.05,943.5870221
2026-02-27 19:00:00+00:00,1772218800000,1917.96,1922.99,1912.43,1920.84,671.71902361
2026-02-27 20:00:00+00:00,1772222400000,1920.86,1926.09,1920.47,1922.74,382.06678498
2026-02-27 21:00:00+00:00,1772226000000,1923.21,1933.63,1917.19,1921.17,554.17227205
2026-02-27 22:00:00+00:00,1772229600000,1921.17,1926.75,1886.52,1921.21,3147.15511368
2026-02-27 23:00:00+00:00,1772233200000,1921.0,1932.64,1920.01,1929.13,876.73978237
2026-02-28 00:00:00+00:00,1772236800000,1929.86,1936.87,1924.56,1932.04,592.80445558
2026-02-28 01:00:00+00:00,1772240400000,1932.04,1935.78,1920.1,1925.2,203.76926514
2026-02-28 02:00:00+00:00,1772244000000,1924.72,1932.1,1923.09,1930.7,97.28187236
2026-02-28 03:00:00+00:00,1772247600000,1930.62,1931.51,1920.1,1924.56,522.29781952
2026-02-28 04:00:00+00:00,1772251200000,1924.45,1930.69,1915.73,1925.16,564.16610452
2026-02-28 05:00:00+00:00,1772254800000,1925.28,1927.81,1915.15,1919.56,224.79253619
2026-02-28 06:00:00+00:00,1772258400000,1920.07,1920.57,1836.14,1842.42,4375.42704557
2026-02-28 07:00:00+00:00,1772262000000,1843.13,1884.27,1836.0,1866.46,3310.92766112
2026-02-28 08:00:00+00:00,1772265600000,1866.73,1868.07,1848.94,1852.3,4670.85181823
2026-02-28 09:00:00+00:00,1772269200000,1852.62,1862.84,1845.39,1855.6,644.96680576
2026-02-28 10:00:00+00:00,1772272800000,1855.47,1867.81,1849.92,1865.53,567.94843316
2026-02-28 11:00:00+00:00,1772276400000,1865.53,1880.83,1862.45,1863.54,1163.98849821
2026-02-28 12:00:00+00:00,1772280000000,1864.05,1874.19,1863.38,1868.61,202.61936387
2026-02-28 13:00:00+00:00,1772283600000,1868.5,1910.05,1865.44,1905.12,1240.69347206
2026-02-28 14:00:00+00:00,1772287200000,1905.85,1916.19,1883.62,1888.85,1698.53459203
2026-02-28 15:00:00+00:00,1772290800000,1888.2,1903.86,1874.08,1899.38,1429.20199108
2026-02-28 16:00:00+00:00,1772294400000,1899.27,1910.31,1891.73,1904.54,1936.74074649
2026-02-28 17:00:00+00:00,1772298000000,1904.57,1911.06,1887.47,1907.14,1248.95491309
2026-02-28 18:00:00+00:00,1772301600000,1907.32,1946.6,1901.61,1937.1,1559.49522633
2026-02-28 19:00:00+00:00,1772305200000,1936.37,1955.0,1921.37,1947.81,1332.70225206
2026-02-28 20:00:00+00:00,1772308800000,1947.49,1974.82,1940.0,1966.34,3139.22242089
2026-02-28 21:00:00+00:00,1772312400000,1966.46,1967.8,1945.84,1957.65,1110.38978923
2026-02-28 22:00:00+00:00,1772316000000,1958.24,1984.14,1957.22,1965.49,1396.61746211
2026-02-28 23:00:00+00:00,1772319600000,1965.5,1970.03,1957.38,1965.0,501.3955336
2026-03-01 00:00:00+00:00,1772323200000,1964.78,1969.01,1955.0,1963.18,256.03266701
2026-03-01 01:00:00+00:00,1772326800000,1962.85,2024.97,1945.0,2012.75,3904.57278161
2026-03-01 02:00:00+00:00,1772330400000,2012.75,2054.51,2008.83,2033.04,3401.88177456
2026-03-01 03:00:00+00:00,1772334000000,2033.08,2038.76,2017.64,2023.06,824.56744782
2026-03-01 04:00:00+00:00,1772337600000,2023.42,2029.9,2000.0,2015.72,1514.7056072
2026-03-01 05:00:00+00:00,1772341200000,2016.55,2022.53,2010.12,2011.33,330.92167088
2026-03-01 06:00:00+00:00,1772344800000,2011.36,2012.57,1989.75,1998.72,1351.60943439
2026-03-01 07:00:00+00:00,1772348400000,1998.72,2009.29,1993.46,2007.56,640.37695987
2026-03-01 08:00:00+00:00,1772352000000,2007.6,2010.68,1981.68,1986.19,518.87252605
2026-03-01 09:00:00+00:00,1772355600000,1986.04,1995.26,1975.5,1980.79,653.72296685
2026-03-01 10:00:00+00:00,1772359200000,1980.75,1993.0,1973.24,1984.66,577.25845725
2026-03-01 11:00:00+00:00,1772362800000,1985.04,1989.49,1982.69,1983.46,177.7081548
2026-03-01 12:00:00+00:00,1772366400000,1983.56,1987.87,1976.29,1978.49,264.25953091
2026-03-01 13:00:00+00:00,1772370000000,1978.48,2024.0,1969.14,2006.99,2478.51795287
2026-03-01 14:00:00+00:00,1772373600000,2007.31,2028.0,1993.36,2001.27,1224.38829241
2026-03-01 15:00:00+00:00,1772377200000,2000.83,2015.93,1993.06,1993.07,608.98682466
2026-03-01 16:00:00+00:00,1772380800000,1993.89,2008.94,1960.99,1973.37,1308.52725203
2026-03-01 17:00:00+00:00,1772384400000,1974.47,1975.37,1953.86,1960.4,1164.84187699
2026-03-01 18:00:00+00:00,1772388000000,1960.96,1996.75,1960.96,1976.0,1281.38606461
2026-03-01 19:00:00+00:00,1772391600000,1976.02,1976.39,1947.97,1954.03,1495.07605104
2026-03-01 20:00:00+00:00,1772395200000,1954.17,1955.04,1907.66,1914.93,1809.3612407
2026-03-01 21:00:00+00:00,1772398800000,1914.45,1932.42,1913.48,1928.99,699.59237662
2026-03-01 22:00:00+00:00,1772402400000,1929.54,1969.24,1915.48,1923.54,4636.53695981
2026-03-01 23:00:00+00:00,1772406000000,1924.77,1947.89,1919.13,1939.3,546.18496052
2026-03-02 00:00:00+00:00,1772409600000,1939.3,1966.55,1937.89,1961.48,768.5498259
2026-03-02 01:00:00+00:00,1772413200000,1961.15,1988.25,1960.25,1963.97,805.28974239
2026-03-02 02:00:00+00:00,1772416800000,1964.32,1965.95,1940.48,1955.75,513.02497984
2026-03-02 03:00:00+00:00,1772420400000,1955.66,1978.61,1948.68,1971.85,785.11658138
2026-03-02 04:00:00+00:00,1772424000000,1972.55,1979.6,1968.77,1973.32,484.46014963
2026-03-02 05:00:00+00:00,1772427600000,1973.12,1983.42,1962.86,1970.8,350.83778589
2026-03-02 06:00:00+00:00,1772431200000,1971.13,1971.45,1938.04,1944.51,918.41151624
2026-03-02 07:00:00+00:00,1772434800000,1943.72,1944.99,1926.61,1941.17,647.38957791
2026-03-02 08:00:00+00:00,1772438400000,1941.91,1950.47,1922.0,1948.81,1156.55094298
2026-03-02 09:00:00+00:00,1772442000000,1949.01,1966.71,1946.96,1948.44,590.24025619
2026-03-02 10:00:00+00:00,1772445600000,1947.73,1955.81,1944.49,1952.44,221.76349082
2026-03-02 11:00:00+00:00,1772449200000,1952.22,1954.32,1935.64,1947.08,583.16286269
2026-03-02 12:00:00+00:00,1772452800000,1947.79,1948.23,1930.92,1938.42,266.43492021
2026-03-02 13:00:00+00:00,1772456400000,1938.43,1943.65,1921.25,1927.49,1625.99414927
2026-03-02 14:00:00+00:00,1772460000000,1927.49,1985.35,1921.78,1976.66,1479.93284167
2026-03-02 15:00:00+00:00,1772463600000,1978.71,2066.38,1974.37,2047.59,4888.91500948
2026-03-02 16:00:00+00:00,1772467200000,2047.71,2089.38,2044.33,2064.96,2897.71983031
2026-03-02 17:00:00+00:00,1772470800000,2065.23,2066.53,2026.41,2041.3,1268.68662227
2026-03-02 18:00:00+00:00,1772474400000,2041.45,2041.45,2025.0,2029.8,1117.77719685
2026-03-02 19:00:00+00:00,1772478000000,2029.87,2049.46,2018.35,2043.89,2105.4189765
2026-03-02 20:00:00+00:00,1772481600000,2043.74,2057.63,2025.16,2036.16,996.83006789
2026-03-02 21:00:00+00:00,1772485200000,2036.0,2048.25,2030.0,2043.65,1187.04222598
2026-03-02 22:00:00+00:00,1772488800000,2043.83,2058.26,2042.0,2053.61,1261.77240223
2026-03-02 23:00:00+00:00,1772492400000,2053.61,2055.77,2025.19,2027.17,1052.7228331
2026-03-03 00:00:00+00:00,1772496000000,2027.85,2038.88,2019.55,2035.75,1459.02041155
2026-03-03 01:00:00+00:00,1772499600000,2035.56,2041.11,2020.0,2020.0,381.21933185
2026-03-03 02:00:00+00:00,1772503200000,2020.01,2021.37,1998.8,2013.35,901.79042277
2026-03-03 03:00:00+00:00,1772506800000,2013.65,2014.45,2005.78,2008.55,410.9250353
2026-03-03 04:00:00+00:00,1772510400000,2008.69,2012.77,1998.25,1999.78,396.04690561
2026-03-03 05:00:00+00:00,1772514000000,1999.69,2018.44,1987.93,1993.03,1094.73064921
2026-03-03 06:00:00+00:00,1772517600000,1993.05,2001.49,1988.09,1999.01,306.38956874
2026-03-03 07:00:00+00:00,1772521200000,1999.08,2002.81,1993.59,1995.81,463.578229
2026-03-03 08:00:00+00:00,1772524800000,1995.86,1999.65,1947.45,1953.26,2446.86707015
2026-03-03 09:00:00+00:00,1772528400000,1953.37,1968.53,1940.0,1951.44,6044.84545635
2026-03-03 10:00:00+00:00,1772532000000,1951.44,1964.18,1945.59,1957.98,675.34610378
2026-03-03 11:00:00+00:00,1772535600000,1957.69,1966.0,1952.68,1961.13,416.10969611
2026-03-03 12:00:00+00:00,1772539200000,1961.12,1989.44,1961.12,1967.14,623.95621138
2026-03-03 13:00:00+00:00,1772542800000,1967.14,1967.46,1943.6,1952.08,622.05991339
2026-03-03 14:00:00+00:00,1772546400000,1952.16,1977.1,1929.03,1942.8,1204.8502133
2026-03-03 15:00:00+00:00,1772550000000,1942.76,1971.96,1932.24,1969.89,1972.04208817
2026-03-03 16:00:00+00:00,1772553600000,1969.32,2013.15,1959.51,1983.42,2601.49639887
2026-03-03 17:00:00+00:00,1772557200000,1984.03,1985.56,1959.31,1980.88,2226.02424687
2026-03-03 18:00:00+00:00,1772560800000,1980.75,2000.84,1970.62,1988.59,3282.77337831
2026-03-03 19:00:00+00:00,1772564400000,1988.66,1994.41,1977.14,1986.22,1330.97346108
2026-03-03 20:00:00+00:00,1772568000000,1986.52,1988.98,1970.3,1978.0,747.05541362
2026-03-03 21:00:00+00:00,1772571600000,1978.19,1978.61,1959.94,1968.94,682.39173493
2026-03-03 22:00:00+00:00,1772575200000,1968.91,1987.9,1968.38,1983.53,1201.46480241
2026-03-03 23:00:00+00:00,1772578800000,1982.46,2001.42,1981.51,1983.19,602.19000787
2026-03-04 00:00:00+00:00,1772582400000,1982.99,1986.91,1962.33,1977.76,1251.35189971
2026-03-04 01:00:00+00:00,1772586000000,1977.19,1998.25,1970.61,1981.7,417.61732414
2026-03-04 02:00:00+00:00,1772589600000,1981.83,1982.73,1969.6,1979.97,300.12672557
2026-03-04 03:00:00+00:00,1772593200000,1979.63,1979.78,1945.0,1961.73,907.72633227
2026-03-04 04:00:00+00:00,1772596800000,1961.32,1964.35,1951.23,1960.64,556.15184299
2026-03-04 05:00:00+00:00,1772600400000,1960.46,1976.69,1956.52,1970.99,426.88715822
2026-03-04 06:00:00+00:00,1772604000000,1971.38,1985.82,1963.0,1980.3,1313.4821987
2026-03-04 07:00:00+00:00,1772607600000,1980.54,2010.0,1974.43,2007.24,1861.29580746
2026-03-04 08:00:00+00:00,1772611200000,2007.01,2065.89,2000.58,2061.86,2976.34617975
2026-03-04 09:00:00+00:00,1772614800000,2063.97,2089.75,2056.6,2075.41,3313.49715121
2026-03-04 10:00:00+00:00,1772618400000,2075.67,2092.49,2067.0,2071.8,871.55393397
2026-03-04 11:00:00+00:00,1772622000000,2071.81,2078.12,2046.61,2055.29,1263.90100277
2026-03-04 12:00:00+00:00,1772625600000,2054.93,2058.54,2037.21,2054.38,1079.01421093
2026-03-04 13:00:00+00:00,1772629200000,2054.65,2068.17,2053.37,2065.29,1332.06140837
2026-03-04 14:00:00+00:00,1772632800000,2064.52,2110.0,2063.35,2080.08,3171.89718717
2026-03-04 15:00:00+00:00,1772636400000,2080.08,2158.0,2079.62,2150.51,9775.07961744
2026-03-04 16:00:00+00:00,1772640000000,2151.25,2167.32,2130.03,2143.45,4633.55082167
2026-03-04 17:00:00+00:00,1772643600000,2143.62,2157.0,2131.45,2147.51,3431.98118769
2026-03-04 18:00:00+00:00,1772647200000,2147.51,2164.97,2139.56,2163.79,2438.2561442
2026-03-04 19:00:00+00:00,1772650800000,2164.34,2200.0,2161.63,2179.19,6401.48103557
2026-03-04 20:00:00+00:00,1772654400000,2179.17,2180.95,2150.51,2150.51,1979.31223018
2026-03-04 21:00:00+00:00,1772658000000,2152.06,2157.39,2143.27,2151.0,2700.70740025
2026-03-04 22:00:00+00:00,1772661600000,2150.9,2164.41,2127.66,2132.59,2894.88928697
2026-03-04 23:00:00+00:00,1772665200000,2132.7,2136.67,2117.08,2129.35,1273.22567453
2026-03-05 00:00:00+00:00,1772668800000,2127.96,2136.18,2122.32,2130.15,4522.43583938
2026-03-05 01:00:00+00:00,1772672400000,2129.36,2142.66,2108.53,2114.0,2718.21813708
2026-03-05 02:00:00+00:00,1772676000000,2114.61,2134.99,2114.61,2122.86,1306.79014323
2026-03-05 03:00:00+00:00,1772679600000,2122.96,2127.24,2108.51,2121.0,971.58669595
2026-03-05 04:00:00+00:00,1772683200000,2121.04,2144.8,2119.71,2137.86,1171.84865624
2026-03-05 05:00:00+00:00,1772686800000,2137.86,2139.46,2114.3,2119.0,856.06167403
2026-03-05 06:00:00+00:00,1772690400000,2120.28,2130.72,2110.85,2128.4,618.61636629
